1,INDICE HARMONISÉ DES PRIX À LA CONSOMMATION PAR POSTE DE CONSOMMATION (NATIONAL),SERVICES FINANCIERS,https://www.anstat.ci/indicateur-details/1d60d41949d6aa1ca1adfd0b70ba4b2feae1106a319bf740e2c2cd0ed0c26a4d1411fd6371a5fabcbba1a276a9c4315196bb39fb69ccfebb78fe74c3f29846e6OldpON4NK29RZAPquwhMne9AZNw13kFyf-wvqigsh9lMs-sfdhL8a8k4gj-TyIHE
2,INDICE HARMONISÉ DES PRIX À LA CONSOMMATION PAR POSTE DE CONSOMMATION (NATIONAL),MATÉRIEL DE TÉLÉPHONIE ET DE TÉLÉCOPIE,https://www.anstat.ci/indicateur-details/8772ceb9d7dbc28fb476f6e611f490a10f38ed725ee6ea1a029c20d23b497b79d618e097e5011be4013e91f5f17a3bfb16c9c735b479aa9dcce593280cf29c4dEJcPXLC7hAUup_oGIpXGR_CCDvPDKfEuXzTdb0V2p31RvzFyzCvMcyoO6HHFrW61
3,INDICE DE PRIX DE PRODUCTION DANS L'INDUSTRIE (IPPI) PAR DIVISION REGROUPÉE,"INDUSTRIES ÉLECTRONIQUES, INFORMATIQUES, ÉLECTRIQUES ET DE MACHINES",https://www.anstat.ci/indicateur-details/373c44f859953fc9ccf144e8784c0f49c17fbfbb634dd13096b71dab08bef332dc8f30b13738d9798799ecd282cf18ef180e47f798d93acf0761eeac372280478zUBqlGqQpC9rVBc-SWuJk0YHTz3o4ds4yXnLyHRJRpPAxbJa9SwW3TeMl5c-Dbv
4,INDICE DU CHIFFRE D'AFFAIRES DANS L'INDUSTRIE PAR DIVISION REGROUPÉE,"INDUSTRIES ÉLECTRONIQUES, INFORMATIQUES, ÉLECTRIQUES ET DE MACHINES",https://www.anstat.ci/indicateur-details/9f1668e61890f6ae2916498b0e8be73fe092f4b7b25f39b4dd42c45d1cd8dbd4fed33afa81bdbbf194a91926d5047848f169600a20918abfac163afb885790e2PHS7HEKYQDPERb1u-hGkJghEQ-WVDoLajYDJGFl2gIgZkz2gd2eH_RXC1LqI9rOV
5,INDICE HARMONISÉ DES PRIX À LA CONSOMMATION PAR POSTE DE CONSOMMATION (NATIONAL),"EQUIPEMENT PHOTOGRAPHIQUE, CINÉMATOGRAPHIQUE, OPTIQUE, AUTRE BIEN DURABLE À FONCTION RÉCREATIVE ET CULTURELLE",https://www.anstat.ci/indicateur-details/f6d29d1d72f796dee6ffceeb0a96280ec7933050b0f3475a47fc8ead98c9baa644a904a80fdde2b649d9e7eee937f2cd71912b0d588eae3288f180db0e9043f5W_-Bu00eX4iq5aEgKz9oi_PNG6br4E2OnsQ-oq47CGsIiCVKiKAMRZgb1NpZEDP7
6,INDICE HARMONISÉ DES PRIX À LA CONSOMMATION PAR POSTE DE CONSOMMATION (NATIONAL),MATÉRIEL DE TRAITEMENT DE L'INFORMATION ET SUPPORTS D'ENREGISTREMENT DE L'IMAGE ET DU SON,https://www.anstat.ci/indicateur-details/3c85dc750cbfcfb9c7de75dd706d8029e44ba2d4af982d34814c761c74d941627f1a79aaeb7fb0dc865835b3fd16d859fdd8378f19cdd19b39a0bec782c2fc7fYckXEXLr0q42VmrS0DjPA4HtXN2M32FueX9BtLqk3rvj_ZVMpF-dOcpmj7RYMHcy
7,INDICE HARMONISÉ DES PRIX À LA CONSOMMATION PAR POSTE DE CONSOMMATION (NATIONAL),CÉRÉALES NON TRANSFORMÉES,https://www.anstat.ci/indicateur-details/f7d72afe8a25eae60cd718f5345bf577f7608954cb9799f6c1530d25e204c9eecd20fe1938ada4d0b05c3b9f6526b64391469689880ea5652d1e875c4606e11bjYettBRyqmmFVhKeIu4PDEussZA0TZm9bCDOkxfqK5TZf_fc5hGJOgKPhWZgvxsD
8,INDICE HARMONISÉ DES PRIX À LA CONSOMMATION PAR POSTE DE CONSOMMATION (NATIONAL),BOEUF,https://www.anstat.ci/indicateur-details/3484bf0cb81ac21c14104216f3216837f11a8fa378eb35d9874be08ddc7129fed7acf0685f4f2bc8a55e2e7ce4c8022389bb49d7fb9ec4e331d575ef14b95bceZgod1zKcni5w6ZzO4vghZUTbhR9y0sPOK1ECwNU5s6qKrSe2ZvAeiCIoEWymPxqg
9,INDICE HARMONISÉ DES PRIX À LA CONSOMMATION PAR POSTE DE CONSOMMATION (NATIONAL),MOUTON - CHÈVRE,https://www.anstat.ci/indicateur-details/f31bd1bc6d67a5b96528f436effe20f715c2ad3d9108b429c7a053ab40b2653b66d7440fe219dc1d8265881612b0ae39c06a6bb3103106920215fe388a81ae3cIkYOOOuh94JiLrrjXaRGiEAgnb2eTJArkhGVvX8XzeVQKJhgnTyR5qZslV5TGBc7
10,INDICE HARMONISÉ DES PRIX À LA CONSOMMATION PAR POSTE DE CONSOMMATION (NATIONAL),PORC,https://www.anstat.ci/indicateur-details/c6c71d35f624777fd65dcd333a332904c3b9e2ade3fb561e6d4821fa86030d8358e952deffd3e65a129a4ccf316ab708ec13b779d50180bb6184ac2856ce49a4zI4Iquag5eVxc3_A5CPXYpvijCtBmi7jA7NPCOg3HiIr7Ogqlp94sCOpp1eeGa0h
11,INDICE HARMONISÉ DES PRIX À LA CONSOMMATION PAR POSTE DE CONSOMMATION (NATIONAL),VOLAILLE,https://www.anstat.ci/indicateur-details/b7a1fb37b31e92b0e7bcf0b1a15dbdc8dc000f84097e1b1649c71d3280d799ca11e42463b56da44247d58ebce8d78dd97334adb347d65716c6d653771b80728fxWO1mqeSRix93VGoOJ1Kwir5VIj7HXn9t0GY60LZZjnnj61n3RihgUw4lQdwc_na
12,INDICE HARMONISÉ DES PRIX À LA CONSOMMATION PAR POSTE DE CONSOMMATION (NATIONAL),"CHARCUTERIE ET CONSERVES, AUTRES VIANDES ET PRÉPARATIONS À BASE DE VIANDE",https://www.anstat.ci/indicateur-details/9d4463a010a9ac992d6435be28ea29fc731ebfeba12568f0c315243bd9c241e9406519fef3c7f871eca20715d9870b0ecda376aa6046c270a51bdbde6df405dbgUuPdGWkY7vYES0hqVrIA-KWIs0hm6QokNz322kPTV4g_6u3A_Oq4A8znSWaHp9Z
13,INDICE HARMONISÉ DES PRIX À LA CONSOMMATION PAR POSTE DE CONSOMMATION (NATIONAL),POISSONS FRAIS,https://www.anstat.ci/indicateur-details/dc7825be09f031fa0512bda1f6cfc69e8166a2efc47b156b31a1d8f73ea7ffd8002e0bd05757228e1f43ca54418769730e9ede72bb88af277ddcf3ec7025397fGT8oDUfL9QEi-ki2cYJgaF1g_Y0l3b70fqT9-O8eSOq9MhV9hClOGBTvRj5Buhz0
14,INDICE HARMONISÉ DES PRIX À LA CONSOMMATION PAR POSTE DE CONSOMMATION (NATIONAL),AUTRES PRODUITS FRAIS DE MER OU DE FLEUVE,https://www.anstat.ci/indicateur-details/df43a471052146901b02be4f48a9c96ec44d905eed9260866a6d3e6ee66dfcdeb658d81d22bcaa888cf37ffb8b572950e752704308ffb0f0e897151194336fe1G1EMYKz30PQ0Zql_Vywvn64JnLSXrPs9T4xEIEBB1umDNGNZLAQM_AxO03T0KNTr
15,INDICE HARMONISÉ DES PRIX À LA CONSOMMATION PAR POSTE DE CONSOMMATION (NATIONAL),POISSONS ET AUTRES PRODUITS SÉCHÉS OU FUMÉS,https://www.anstat.ci/indicateur-details/1c23baeb97b19bebf6ce6cb4a87a4ef884591770c57e69453eb2f984b9c8d6962f3ba54fc21ef6a14c75cc333ef039d9e7d4fdfbbb5269556679b3af57d90d67WuhtBJjp3XqKNMIhUH2B3_lmhudrVWk7UcXEi361aTehmChBw37095LSBlltG6MM
16,INDICE HARMONISÉ DES PRIX À LA CONSOMMATION PAR POSTE DE CONSOMMATION (NATIONAL),AUTRES CONSERVES DE POISSONS,https://www.anstat.ci/indicateur-details/c73c0ccf200970e8823cb315759f4e4ef3c235f3d991e019895d1cfb17f9f28b83974daae5a9736d986f7a50cd0b559b5c78991297fdbf2efe4b1cd264017cacaEF5_PgpRzKAz3tV3tU-mTpj3l5zD3iL01hcOTzEl_JL1uOqj-V0RQXxx1Yyp_QB
17,INDICE HARMONISÉ DES PRIX À LA CONSOMMATION PAR POSTE DE CONSOMMATION (NATIONAL),LAIT,https://www.anstat.ci/indicateur-details/066924ac3be39c1561fa793718cb190f6ae2a44160cdc9b09bd267a9f91440b4c86b81277e3b4caec4d4d793a9f613d5fb5b3afa1735b581d716b041f13fb2d2wIOR-XGzoOuoU4IIjLuziEbrod7ZyqKYyhntMAkJYbhaZt3Ixik2KWEokX8JV5-T
18,INDICE HARMONISÉ DES PRIX À LA CONSOMMATION PAR POSTE DE CONSOMMATION (NATIONAL),OEUFS,https://www.anstat.ci/indicateur-details/22148f2e436dc474e204173e75ce9ded3835d235a7eb4c0938745eac194d773e260c341d92b81683458d30fb1b53086636d5abf6525c465b93445dc49aa4660ffWiz6lYBp1ry8YLZ_T0Xdk45jNsKWKLJ3PtxLsvJV2gzb09IzxUNf2cpBFJWJ3YL
19,INDICE HARMONISÉ DES PRIX À LA CONSOMMATION PAR POSTE DE CONSOMMATION (NATIONAL),AUTRES FRUITS FRAIS,https://www.anstat.ci/indicateur-details/10d00bb12b25371cbdc6bca75f7ff8f7706a4ec3ffccd2a0100b634dde5acfbc87154a51dcfb23b86424f13b0544ffdf8636f77433681d7c40147b075d53a5e3rsveskekR5mIW-OTUD-kMBZqeBK_cX4QhO7znlKGI_0Zn4z1veNpHqfY_w04gq7j
20,INDICE HARMONISÉ DES PRIX À LA CONSOMMATION PAR POSTE DE CONSOMMATION (NATIONAL),FRUITS SECS ET NOIX,https://www.anstat.ci/indicateur-details/2125ce755b63e68d0414f0e025329280bfd3691ae206b3dc0b3e747352ca498d6f01c7259abae1d49736b10342a280504cee0cb70cac7f6c1166484d248c0d4eI8S9BpZeFHAeBujS0hxcvQTKp7s2TBmntSYU_kgYPr6Uu4heMYmIqdpslQJfwYWd
21,INDICE HARMONISÉ DES PRIX À LA CONSOMMATION PAR POSTE DE CONSOMMATION (NATIONAL),LÉGUMES FRAIS EN FRUITS OU RACINE,https://www.anstat.ci/indicateur-details/a2ddfaa6af81c10ee4b3957eb545cc723e830cd99b7aebd84c6da059d67493fbac334c536552bf715a6e3d09034cb096cb4ada992b07dbee7972eba5ff6c9e3cknrLO6TToOAuYYbh1e29pwgFbrzOiK8Gsiw2G-TZkO0Q3JI8S_U-UANnVvMwrYuB
22,INDICE HARMONISÉ DES PRIX À LA CONSOMMATION PAR POSTE DE CONSOMMATION (NATIONAL),LÉGUMES FRAIS EN FEUILLES,https://www.anstat.ci/indicateur-details/ccf5da8441bcdf7741ea9d43d025a5f0930982bdb1ccd9162459874e4b749c7c148518d127f3b8ff285c08b946cae6dcbb8f81f463a41f19d7d1d7d2ff779d47lzdXYCA7bImQzP5lLiD_tSvctq9fIMUusfBOLYUZ4Jl4DJr1Xs42oozVS3ia2w3t
23,INDICE HARMONISÉ DES PRIX À LA CONSOMMATION PAR POSTE DE CONSOMMATION (NATIONAL),LÉGUMES SECS ET OLEAGINEUX,https://www.anstat.ci/indicateur-details/70dd8c1c65f58f1f26071d6d2404d9b0822139d1c06a093c21b888812e9c5210511dc8a8a77593d556150276c5c91bf3fbbf67adffbef9ceada8d628be0aa8503gaExHSo3jNO5JNM0kty3uDfakBjPznhh-LK1UgEgssRZhh6-mvLC9rAozH7Chtt
24,INDICE HARMONISÉ DES PRIX À LA CONSOMMATION PAR POSTE DE CONSOMMATION (NATIONAL),TUBERCULES ET PLANTAIN,https://www.anstat.ci/indicateur-details/2877e0eabea7099bad83873400e184da0872f85dfb76e0306b029d831e0bad12d75de462b16661312c25e95232c11dc8f46d49787268275adb91b036a8a66e78qtR51S21LWE8oHfapGHGHGQEOdhvW3hr_Tt_2ZbxvKlTdo4AUelN5wGYVLScQ9zn
25,INDICE HARMONISÉ DES PRIX À LA CONSOMMATION PAR POSTE DE CONSOMMATION (NATIONAL),AUTRES PRODUITS À BASE DE TUBERCULES ET DE PLANTAIN,https://www.anstat.ci/indicateur-details/7ca6f20a9f0bdc13ffc6aa81eee56bdb8e9d5bd5fff6351c0260052e8f5b9be0211b59769d016c322471cc8a23cc616de607f9b94f4e9cde59bd660e12580499nAhL4TLlcMU6M3Za59IqXouKWby4tLoAxz6Yuw7jA2P3di2sqtHssz1vcDy89KDk
26,INDICE HARMONISÉ DES PRIX À LA CONSOMMATION PAR POSTE DE CONSOMMATION (NATIONAL),"CAFÉ, THÉ, CACAO ET AUTRES VÉGÉTAUX POUR TISANES",https://www.anstat.ci/indicateur-details/58ffcfd407d991b7455c37c8800291f3e0b5b6d2211421ec145d5d49b887001246c1061294944ce61a4938eea281e76d78468941d212b8dae0dbcfe82ae9a8f9iRXW8YQUProqIyziWB4iRv9IHugHfy-Xk9hFprLX3FPF4qEXpRuibIwnF4xA_lfu
27,INDICE HARMONISÉ DE LA PRODUCTION INDUSTRIELLE (IHPI) RÉNOVÉ PAR DIVISION REGROUPÉE,INDUSTRIES DU BOIS,https://www.anstat.ci/indicateur-details/534e5afe2e25f75fe2b5a9872e0ca90ec77c0513e110277973b4c4dc8c17143528a4585d49f97779ddaf32df8faa8aa335d48a5336a9611e48afdb0c366e54a2ohqf-qvjosFR1jRkRewqHGolUyaTjDdGGJXTTx4L_Nmi9lHGBKAVxzMor1gT81FA
28,INDICE DU CHIFFRE D'AFFAIRES DANS LE COMMERCE PAR DIVISION,"COMMERCE DE GROS DE PRODUITS AGRICOLES BRUTS, D'ANIMAUX VIVANTS, PRODUITS ALIMENTAIRES, BOISSONS ET TABAC",https://www.anstat.ci/indicateur-details/2525ce987adad43505a12643dd05dfb82cc1efc6ec8937fc3188124203d6627a00861f1f2d2fb695329313916153f539c0342341478ae78f86b990157e27cf443bRecuIH2xHwyHucIBh1RJaUULIdXuolwM8z6R9YMF8F1dBS5g0jeen9IGSyXrYq
29,INDICE HARMONISÉ DES PRIX À LA CONSOMMATION PAR FONCTION DE CONSOMMATION (NATIONAL),LOISIRS ET CULTURE,https://www.anstat.ci/indicateur-details/14a50a307bcc993b08ed03ef71d0e460c89680aa9afbc66e7651ca2a74a8beaef7b940cef5ec3acf245f7f5a094d1b7ec93686bd9095fa44f0f851cf1340ea50xpfEI4_n79DN1hxBn1wdP158hFb7-pGe1YxFsPP2iWItirEUPfCFsx57WcxsKCSn
30,INDICE HARMONISÉ DES PRIX À LA CONSOMMATION PAR POSTE DE CONSOMMATION (NATIONAL),"JEUX ET JOUETS, PASSE-TEMPS ET ARTICLES DE SPORT, MATÉRIEL C",https://www.anstat.ci/indicateur-details/818526e3b06e0bf92bbda756c24355dcdc347eb6683d317136ea04403bd07c1c97115799fbeba89b993e449189b8b11f5913fc701f593b0c14cb64b0eca94ea6rasN9N2dllDOgKNF8KiaEZBxnswGtzZ77EKcmAVeM08INr-RkxDa7Z7imMfI4rY9
31,INDICE HARMONISÉ DES PRIX À LA CONSOMMATION PAR POSTE DE CONSOMMATION (NATIONAL),"SERVICES CULTURELS, RECREATIFS ET SPORTIFS",https://www.anstat.ci/indicateur-details/77dd22694a0780a496ca0adf4915ec0e37cfc6ae6e54f23ef6bce98f54d978822cd554aa09e63d86d65acd4f85d6575f30cfff120df96e2c519f53ac893a908c72lwqS68ivJcm6EouivcJU_w2Nosm4VDKOrcfkeC5X4cmTTh9f9fkp9TQgVpUgC8
32,INDICE HARMONISÉ DES PRIX À LA CONSOMMATION PAR POSTE DE CONSOMMATION (NATIONAL),JEUX DE HASARD,https://www.anstat.ci/indicateur-details/0b8e72dfd39458aef9beb819f0cd557ae9f709b254191363d6be14bb3abb80c4bb6adeb6831c7ae10cc6966ba72d97a265db71390343ae807bbfdd5df3c8f685ka9VVyhEUqpOthYmqWuMoKZvsOF0lT7Hf74DvB3WvFe3Nz8224r6k6TzNvcn8ows
33,INDICE HARMONISÉ DE PRODUCTION (IHPI) RÉNOVÉ PAR TYPE D'INDUSTRIE,INDUSTRIES EXTRACTIVES,https://www.anstat.ci/indicateur-details/019f1f23301cdffa6a4399f6c09f1e8b24721a514e98b7a510a4d14a4e0c54a3456a77ced5f9ec76954d041506abe3e519b98d9e197aac2cbe9618997e737715e-6Ipptn6mgO9AsauZvj2FJmhMZRNIFR9XeNIazmgDNChqe8R85fyUHTldrdymML
34,INDICE HARMONISÉ DE LA PRODUCTION INDUSTRIELLE (IHPI) RÉNOVÉ PAR DIVISION REGROUPÉE,INDUSTRIES DE TRANSFORMATION DE PRODUITS PÉTROLIERS,https://www.anstat.ci/indicateur-details/99087247fec2a0225ce1fdc3ebbf348e871f4ea06c27d5c0ff2a6ccd474bcaa64430604fbfc2857c48af7a58f7277caf6122462161a426c8d03c1a0e90fd43c71GQbiUkxbf5PQr_JhmZTUkyGxQBBK1KeVFeVG4slSDim2-xDh8jfGaDwThgQjG93
35,INDICE HARMONISÉ DE LA PRODUCTION INDUSTRIELLE (IHPI) RÉNOVÉ PAR DIVISION REGROUPÉE,INDUSTRIES EXTRACTIVES,https://www.anstat.ci/indicateur-details/232dfd1443e769d3d56087940eeb1fa3ac1e0d03f1d9ec20e779c500c14e4dca0e1bacb6f6c8fc7aabc22e3747f724cb5f960e84a728b83793631f5eb21a1ccestZhYKNONftjsMzIL3u8JT78sZEADnWWZEmiZpeyhLX-IEkwILeWmqykNfOXDQKU
36,INDICE HARMONISÉ DE LA PRODUCTION INDUSTRIELLE (IHPI) RÉNOVÉ PAR DIVISION REGROUPÉE,INDUSTRIE DE MATÉRIAUX MINÉRAUX,https://www.anstat.ci/indicateur-details/40c2bf74fe479f32fbb3fe3b9d9b53882aafd08b37395bc59fb6193c093338636fb9c438c7485baeed919c4766c130449ddd875ed7ac63de3679fd56dd4c9534WPHu5F8wQBOq_7AUgGy1ybDoscoeQKi96UCwOeRLzYVgGwUg0vwEKhBeA-q431qj
37,INDICE HARMONISÉ DE LA PRODUCTION INDUSTRIELLE (IHPI) RÉNOVÉ PAR DIVISION REGROUPÉE,INDUSTRIES MÉTALLIQUES,https://www.anstat.ci/indicateur-details/b49551e2a3b714d033e8f3cc9b0c5539cc0bb27152b03132aa27960618011cf752d56be0a6b5b795a6b74277200256242421d13efd99cfb30f245e60891919b7SrNOajMHdg21Ayv9ATyFA39E1ueP_mMlnXojpmxlzHsETQcmlU3wpWT8liOHnNWq
38,INDICE HARMONISÉ DE LA PRODUCTION INDUSTRIELLE (IHPI) RÉNOVÉ PAR DIVISION,EXTRACTION D'HYDROCARBURES,https://www.anstat.ci/indicateur-details/01e74f5fa0fc14cf2780e65b3e161cd966254ce73f19332be55ff68728a108053df6728f07173662c599df5b6ae9907df9b4f6a60aec80f3ddf788eadaeb8b07w14bT88w85gBej5y4PA6DogNOZqmHdoZQF2dP3z-VpkIa8pUVvi28WONFZAuni_a
39,INDICE HARMONISÉ DE LA PRODUCTION INDUSTRIELLE (IHPI) RÉNOVÉ PAR DIVISION,EXTRACTION DE MINERAIS MÉTALLIQUES,https://www.anstat.ci/indicateur-details/7b46aba9fc2dbbff792d883b0c5afd9b89c55b9a0621ba1f9c3ae5b03be28c3ed9dc9fe77ebc3475892f4e0d6f227fc682ac288b6f553015718c1e5957679b801Tq-y0XKCS7_eOqE5Sex3n0qiwCge_lBzv4ql1p-XU_hs3mlZLsoo7cf8jxmjTmB
40,INDICE HARMONISÉ DE LA PRODUCTION INDUSTRIELLE (IHPI) RÉNOVÉ PAR DIVISION,AUTRES ACTIVITÉS EXTRACTIVES,https://www.anstat.ci/indicateur-details/1670e9fa2a8137702f9da53e7ca22108b3d75fa194a79b2170a1911c9097a223b24558f25eeeec7f2045cc463b6aa2ceec7708e9b69dff084294baa177b512a4oNB6DPRoqGYQTpcDiVQU_fvJutVWufPzt8i_woasiX8jQA-HhcN04OzwNk1bdA4h
41,INDICE HARMONISÉ DE LA PRODUCTION INDUSTRIELLE (IHPI) RÉNOVÉ PAR DIVISION,ACTIVITÉS DE SOUTIEN AUX INDUSTRIES EXTRACTIVES,https://www.anstat.ci/indicateur-details/cc7335db5c39e8bfe594a869889816f52aee926df7d1f6f2cf1349d40c13fbaa66c8bbeaad520968101621fb70164709f81044e3cd248593ca25329a7d0b36ffFhyLnOXqIVah_aBW3pLBbuuqDuqglg0dIggAsLUISOHTv1JwQe2UEUPKtjArWtV5
42,INDICE HARMONISÉ DE LA PRODUCTION INDUSTRIELLE (IHPI) RÉNOVÉ PAR DIVISION,"RAFFINAGE PÉTROLIER, COKÉFACTION",https://www.anstat.ci/indicateur-details/9d21a2993c190d548161c2bf21d507d46ac2c1e6334037db53fd159319e07b1d43b7938a90375b61b8269d97d7382bb2607a0dc1f20594c5c0ca8a10266fd0e5uB-SlpEg-GA6Xo03ytgDUmN9Te-xjClW_ojbjs4kcHknP_UiH7NiHMM7rpFeaOzI
43,INDICE HARMONISÉ DE LA PRODUCTION INDUSTRIELLE (IHPI) RÉNOVÉ PAR DIVISION,MÉTALLURGIE,https://www.anstat.ci/indicateur-details/b244946c4502051c3ab510c6d31c315b096989e904cb79b5d1d93f6582181ee69237525c433fa8b220b068a4dca690e5b6a94dd678b492fe050f38bb4c98ed77x1jY8WldJlSIizdhts4J1rOMMv78PJfQUfq8EDANQlJWMELzbXPuwqe1UwtmmUiS
44,INDICE HARMONISÉ DE LA PRODUCTION INDUSTRIELLE (IHPI) RÉNOVÉ PAR DIVISION,FABRICATION D'OUVRAGES EN MÉTAUX,https://www.anstat.ci/indicateur-details/e50432a9dcd25621716cf0dc3ce6fe99699ff082197ec6356eadcd663c14e12d48f8c0e4bf57ff07fe7bbfb293a7fe5091566a4ff0c4bcdf7597e3e5a158530dxgdwMAWpyZRgsLZMteQN5cYzl6UOxezTa1wdTXY89W2RmAArZpBsWvROfC8ul6y8
45,INDICE HARMONISÉ DES PRIX À LA CONSOMMATION PAR POSTE DE CONSOMMATION (NATIONAL),PROTECTION SOCIALE ET AUTRES ASSURANCES,https://www.anstat.ci/indicateur-details/c71e964c990da0372fe92fca0157701d2600b54b20316e37dbff9c058eb9bbc02da773afbc691b8a5d5b773ecdfe1d4cdad74b96fa40e97a7d11658ffd1c9220i4kAhuN-Pt-7a57zmym_rA0eOFxRGKwRDVYHrgzmoi-FmfiVXcYGqNCojapO5STL
46,INDICE HARMONISÉ DES PRIX À LA CONSOMMATION (NATIONAL),IHPC,https://www.anstat.ci/indicateur-details/367c3b4aab31b73d98d1a7cb0316938c80582919b66fc6b187480b87c4c6b217a70fe41ea2ca1347aca192572d35fba745a72dd671b009fc02ac398284761d1cnVbAC5a7MTHEw7Bky4cDdAan2SjlWWl64fn7kdms4mxFhuHj-oPVV3tCY15rLmCG
47,INFLATION EN GLISSEMENT EN MOYENNE ANNUELLE (NATIONALE),InflationGliss,https://www.anstat.ci/indicateur-details/9e9d73783dc836775df961b74ac17df5ec8bf31eb980531bf049b0e27d441c5323cb108c5f8ebca3f3d07bc24d99c15ec738274d1893d0b509b2d87d1b480d8eZU3DMboj2NIIdlGHQX_yfcJ75oInYRz8Jj5zA9N2Xu4CjdUhaD2vjQ45ybWYpYDE
48,INFLATION EN MOYENNE ANNUELLE (NATIONALE),,https://www.anstat.ci/indicateur-details/5c0637dadefda78139706b7f03d5738306e165bacbdbe2e4a5c144cf41d6c3c650487feaf78cc1aae013a41ad0d24f9ed9d4fa58eaf32b045dca718b29d25717gm_dE-z0ZwugNaOZY6GORYo5SgjQexa_NsrWQNxX2dRC6yMmKuGT_dwNoZsw_eg6
49,INDICE HARMONISÉ DES PRIX À LA CONSOMMATION PAR FONCTION DE CONSOMMATION (NATIONAL),PRODUITS ALIMENTAIRES ET BOISSONS NON ALCOOLISÉES,https://www.anstat.ci/indicateur-details/0a0d6ba20d566077d37cfd3f1a012639eabb04f1bb12ae9b85259368cf60f43f157eee7ca2093894647baeae7769c4be5aaaf540af1ed7d21cc94b716e0b06dbunk1Nw95-faxB37sMX3W2QG_PB4gSfh8Ke3ZNAJ0LlVt-fnkl1sxeUOfUTL84oLR
50,INDICE HARMONISÉ DES PRIX À LA CONSOMMATION PAR FONCTION DE CONSOMMATION (NATIONAL),"BOISSONS ALCOOLISÉES, TABAC ET STUPÉFIANTS",https://www.anstat.ci/indicateur-details/529b7d1006896d3b6916eea88b5d04cdbe5c8456c5d260bd9ea20275de5f60b55d28740d9bdea8b1c33fd7d005041f1c883daf66060f73935e6840de99125dbayCeg5YIKgmfouJyRr_AlDNpAT9bwcNOW4q67nbDfCiF5D5a-gP7zmBxzpez5kfQq
51,INDICE HARMONISÉ DES PRIX À LA CONSOMMATION PAR FONCTION DE CONSOMMATION (NATIONAL),COMMUNICATION,https://www.anstat.ci/indicateur-details/d4dfe98385f343dc97c17615a3a1de1a5a2b660fa645bf8b48d55c846160029e9e5895870575756e62fc3c042fca1b00c8f00788f94b6712a66f4aa6cd02c2fe14A1-KOmLc_mTA78I8-Dxu1oYrkEiCZl_xzugonBXvMk98CIdgI-jADa9vR09wQN
52,INDICE HARMONISÉ DES PRIX À LA CONSOMMATION PAR FONCTION DE CONSOMMATION (NATIONAL),ENSEIGNEMENT,https://www.anstat.ci/indicateur-details/513a33353570b5db85363cafc57c561bff6911ae921ced210a58d2a363d2566dd797efde1a72b17f6ba54675068996838bbfcc5580b7a78e2a4e0cd6836ecb9f102e26e1QNvjPjNOvDGFK6847dBcy81NBPofKqAQPpjCQhw8Ob8UBWy2J1rcz6Cr
53,INDICE HARMONISÉ DES PRIX À LA CONSOMMATION PAR FONCTION DE CONSOMMATION (NATIONAL),RESTAURANTS ET HÔTELS,https://www.anstat.ci/indicateur-details/b0798c9390881124e060cf932a0065159583e099ea8e272b0649d2cf65d985ead89877bb6f0114c217fe0253f0a99ab423e9cff4eb1711634f0a68bf37a2acf2WhaxcxGA61UKc3AJUeV_z-bzAhve2ghjOTOFhNUrrKJPoHIbYhK8CV6qZ4PfOgZA
54,INDICE HARMONISÉ DES PRIX À LA CONSOMMATION PAR FONCTION DE CONSOMMATION (NATIONAL),BIENS ET SERVICES DIVERS,https://www.anstat.ci/indicateur-details/afb7b88e735ae9cf249e4551e1864e96ee39819a427a9bbfeb4b623bbc9b58a05f1c7065d8b786e8d4de2a9130c2c2e0ca66c8b97a19b89afea07db8de42b155AfbGfmycdbi7yWJGUtSG-XrDkqaYvc_7Xjv-Jcth9gNkr5oPEH_-R7V7aErYimRk
55,INDICE HARMONISÉ DES PRIX À LA CONSOMMATION PAR POSTE DE CONSOMMATION (NATIONAL),"FARINES, SEMOULES ET GRUAUX",https://www.anstat.ci/indicateur-details/e793d5df588023d144e1de3f2d837f66eda969537ef9048a90a3141fd1de23241607bf886ee28c9c8dfe0bf34de3b3078c8a4147854e941d79a1a7ee3aba6a9bG6wnptxbNbwBmj-o9edwz_BbcmnBQRzC5vHxq3BRHg_U8-MgjRChR0aQkCMTPyNE
56,INDICE HARMONISÉ DES PRIX À LA CONSOMMATION PAR POSTE DE CONSOMMATION (NATIONAL),PÂTES ALIMENTAIRES,https://www.anstat.ci/indicateur-details/0c601204ea7c6ea03d631e83939ec7f73e562616cd896c944859c489e7a46d2ff6e5bcbfa2bdb324baf71a850cdfc6191a3f6f9d4c04b7c936d19f4ffdab8d55jTsPWKLgz2y2UeQPx5d3CtBnD3qqO0myqwTQr8UG-fBYE0x8YrI2Qeypwy3pgnNI
57,INDICE HARMONISÉ DES PRIX À LA CONSOMMATION PAR POSTE DE CONSOMMATION (NATIONAL),PAINS,https://www.anstat.ci/indicateur-details/c277f2e08364a64b5bbf936f1326be4fa23902d00027efb35a29d87f1fd42441e67fdfe4a1036d8929ed2298be02eeb8f508d4026dba47a0ce97a7af257011b84DifMwMONVAAaQFN9N7OlhhnGB9mZtSBRj6R9E2mjUJsrC2N2HUo8Bw0Zv9mSC2j
58,INDICE HARMONISÉ DES PRIX À LA CONSOMMATION PAR POSTE DE CONSOMMATION (NATIONAL),"PÂTISSERIES, GÂTEAUX, BISCUITS, VIENOISERIES",https://www.anstat.ci/indicateur-details/25c6eb851e5a3f28ae90f45062b22370a354711f49d0956778241cd1a2f90c8d58a9228cf187d76a151ad599099ad006e27b7a920db6af8f120df6a1006c0f4b7BeEz5JiPiRxmIAZEEMxuVy9ZJi8t3FA-75agiF5mzr0tGIUVM6bhB-h3w65aPi8
59,INDICE HARMONISÉ DES PRIX À LA CONSOMMATION PAR POSTE DE CONSOMMATION (NATIONAL),PRODUITS LAITIERS,https://www.anstat.ci/indicateur-details/4654a34a4509d20d934dfe12b1a3219d636a6fa2ef893d14cc49c8b2176088bf02290b9ea552a1427a8a8aa42e9d409f3fe9129d2c1e69e790ce491fa7234e44PSGrdKjoEDdqq9n77Z0YVidMG_TKvMvxHrrwPKQJbNfIv1-3kpTk8p9FeQ9Fo8vK
60,INDICE HARMONISÉ DES PRIX À LA CONSOMMATION PAR POSTE DE CONSOMMATION (NATIONAL),"BEURRE, MARGARINE",https://www.anstat.ci/indicateur-details/f19ad8d236072b4901b0135a12e3d1794b4559ea1aac048adbeee9f889210e530c43f6794c302f8ff0079e70376d664f7f617c5fd61666e2021cf7558bdbce64dJkHbfYR3qqKAcFkH0-3_6JJkrGBDBed5T4X8InDFyESI9Q9gy5Df6nu_a_7r9Qs
61,INDICE HARMONISÉ DES PRIX À LA CONSOMMATION PAR POSTE DE CONSOMMATION (NATIONAL),HUILES,https://www.anstat.ci/indicateur-details/8c58640b4a1a15a9c1eccb6de12af953297adde519702c11cce3a66647fbdb9a49f4c2a7d8cd537d3f40a1aec79b9180301fe13c460efa0945ac56bfdd53949a0u8cbRMbRpFoCWuz8ok0cH8pAiVIBVSwkjxD0biAXsfgg_Efe9M6sknjhjeD0m5F
62,INDICE HARMONISÉ DES PRIX À LA CONSOMMATION PAR POSTE DE CONSOMMATION (NATIONAL),AUTRES MATIÈRES GRASSES,https://www.anstat.ci/indicateur-details/5b474e87a5d4780c11bb918785dbc695d0089bf616194fc126dea73e66bf461df94c70e85a4384c811523eab93d7af632b6c07f908ed5935a24c5648b0c3f3e3g-CazQx8SYWYJMWr5shXuQhSjRD1Zg7_UwJFO6yNqW9qzM0HCWi3Kxfb3ISVcez0
63,INDICE HARMONISÉ DES PRIX À LA CONSOMMATION PAR POSTE DE CONSOMMATION (NATIONAL),AGRUMES,https://www.anstat.ci/indicateur-details/17cbf7154ddc287050b636d395685a1c2b520b397aa990aa9a9a4497e921e426f48136cf745fa7dae17bfa260a33d9142dd98c3035e3f38094f8e1af330b684bkzRSxP2Ylm_zMByhkn1iC4bxl8-l9ldW3R9IXqBdhH-ooZxFCgP9BLSIjh4BIQ7_
64,INDICE HARMONISÉ DES PRIX À LA CONSOMMATION PAR POSTE DE CONSOMMATION (NATIONAL),SUCRE,https://www.anstat.ci/indicateur-details/f2ebf6b000f17d23973954c1bef2bb60435feb489e55f5855731f189b8201c93f59103db5289899d830d567d4a9059aa63a1b2a4febfa686e5e0d8514a128965HAiaN8R43kQWzHOCL-nofTN2kawChAmA_mMI-F3gjBkSd7K8yCxi3TCf6wbOJC5M
65,INDICE HARMONISÉ DES PRIX À LA CONSOMMATION PAR POSTE DE CONSOMMATION (NATIONAL),"CONFITURE, MIEL, CHOCOLAT ET CONFISERIE",https://www.anstat.ci/indicateur-details/913e07e6f66cb22bb5a9e341d12df00c2e9126e4d27e11d97df318a0a6b3fc5605c35851adc4e97f6a8564e6168d987d481b4108f232691dd16f31fe732fdb33grfxZsqWk8DSgaY91uh5kQn6aHaZ3yFk563L3Utav7U5pjqKU2OPOYfI7YyRyPmO
66,INDICE HARMONISÉ DES PRIX À LA CONSOMMATION PAR POSTE DE CONSOMMATION (NATIONAL),LAITS INFANTILES ET FARINES LACTEES POUR BEBE,https://www.anstat.ci/indicateur-details/413a4cf66a013c4c504f9170401527606649037456e26bd1f76733ede0bdbd4ff2f38903ea4ac8c300cbdb85e85a9f047c76e7f7a64869de89258d61efde256bPvd3-bpc_T2_Eful-vvXvbtVscjktZbBj3unIQGQb_h7USlOS6VmeEarAWZMUDMN
67,INDICE HARMONISÉ DES PRIX À LA CONSOMMATION PAR POSTE DE CONSOMMATION (NATIONAL),"SEL, ÉPICES, SAUCES ET PRODUITS ALIMENTAIRES N.D.A",https://www.anstat.ci/indicateur-details/c7e7b4786195d4d3e17c6ee2ada21aa9b9dcb4a7e34db4f3065c82a79cb9a483e435a80d06e3b06bfd7fd3a391f9cb07c51767ec0bb0a03afd9cd8138f1ecea1QVwNQLhsBkWGavsF6f9X2Vh8qeGdR__f6KDYkyykKhCbypbQ11vMMthCMzTlr8Xy
68,INDICE HARMONISÉ DES PRIX À LA CONSOMMATION PAR POSTE DE CONSOMMATION (NATIONAL),BOISSONS NON ALCOOLISÉES ARTISANALES,https://www.anstat.ci/indicateur-details/481ddbcee5abcf9052d04a8dfb3619502c914334e3c4ad7db784316013925b896e3066a81a21bafff82663cbabcba09a1bc2c319116464f37d9dcc0865f17a9ft7Lk3wk9Yx2n3Y9PSP7gjz85ZFwXcWu6QQsFefr_OFr6lBClv2Ih78UOU2blEQpI
69,INDICE HARMONISÉ DES PRIX À LA CONSOMMATION PAR POSTE DE CONSOMMATION (NATIONAL),BOISSONS NON ALCOOLISÉES INDUSTRIELLES,https://www.anstat.ci/indicateur-details/8fbec9a1dff7b9d8fa1bee880f0948a31c373feeb3b7cc0db8cdc0819722045f8934dbab2cd25cc65036de1de35afa1ff7b0eeadb3e63158b194e3580248e6aey5hXHmtKGxmZ-SUmWdqEQZKOXhSosZfkXG-kcKwwX8ThUdk0n4MRWwDtz7Xa5uoY
70,INDICE HARMONISÉ DES PRIX À LA CONSOMMATION PAR POSTE DE CONSOMMATION (NATIONAL),ALCOOL DE BOUCHE,https://www.anstat.ci/indicateur-details/6f6b9f674d5b5cab10fa34a8ec42155d2f8df524d425a1c37dbe16517405e8a84418d0ef20db2e63904d35942197fe2b352b9eee0e919322bb147b972e6f40a3CFLZc45pes33W8mTOY7Owp5vG-n2fmoez5COs2ggVEX0zJzAhtMO7-UEi4UnKH4D
71,INDICE HARMONISÉ DES PRIX À LA CONSOMMATION PAR POSTE DE CONSOMMATION (NATIONAL),VIN ET BOISSONS FERMENTEES,https://www.anstat.ci/indicateur-details/21e5b92fcbbbf67e385c69646438a60b356eb36cd1fdec498e205e246f721cf14805213f465bbd0403d76ab426a0faf5cfe2f8362def54dd83f78e5382daef7757kFByvXko0VgnZFQ9HqjmRSlsChxBxL9azNKI65HfQfD0-tYcdgyL2cHEjS2hTf
72,INDICE HARMONISÉ DES PRIX À LA CONSOMMATION PAR POSTE DE CONSOMMATION (NATIONAL),BIÈRE,https://www.anstat.ci/indicateur-details/2d3a508d0554af96e690ce7d2c9a1058e6fc86dd82eb5c3b97bae35f530b6f0b031b3697e70e12d163f3ac6add825b4856ac53a79fea4b25a8a93179f533fd71vP02ucu9okQPewVRCdeRbGgfaIKS4nO3ChUfZfyB62-4BQYT2p2aSh1lrayN5C7I
73,INDICE HARMONISÉ DES PRIX À LA CONSOMMATION PAR POSTE DE CONSOMMATION (NATIONAL),TABAC ET STUPÉFIANTS,https://www.anstat.ci/indicateur-details/b12e7b91045d9bd7e7166936a549cd2f15cf189c0bdabf9fa478e811960c58c6992629c825732032dd505595651d9b3d0e31bce8e7ce50d4ce2fccdf9d00b156CRkoYkcpkTeW2YbFOA4Yr4M09PO2mEOfBSPwp6wx0ZECQEw6GOnYR7rRx6RNMlsh
74,INDICE HARMONISÉ DES PRIX À LA CONSOMMATION PAR POSTE DE CONSOMMATION (NATIONAL),TISSUS D'HABILLEMENT,https://www.anstat.ci/indicateur-details/c7e6cd595a763370556f87ebd613eff8606a5910189a7cbfc97e37eda55a868151295438da06a5cf5cf1a7896442c2b9e0bbb1065a0e456f3fc7e9d2c3826ac88bjxohRS70PBUF8B_uu69gH7U_wUlvzlXnnng4hgELLWR36klGWRe5ytyPhxmj4Q
75,INDICE HARMONISÉ DES PRIX À LA CONSOMMATION PAR POSTE DE CONSOMMATION (NATIONAL),VÊTEMENTS DE DESSUS HOMMES,https://www.anstat.ci/indicateur-details/a4e7231c5e1260330f9d2997e803e61277950971306f0db5cc237b895b52b3e4aacdd213a20cbe96606d2835481dace28ca97c86806196eb26e5c0c18d82ac542ReaJDi81YgVKLV1zNU3RK1G64cyk_0dfEky2cHw-nMW28qYgzO_FDifq4Jfg2yM
76,INDICE HARMONISÉ DES PRIX À LA CONSOMMATION PAR POSTE DE CONSOMMATION (NATIONAL),SOUS-VÊTEMENTS HOMMES,https://www.anstat.ci/indicateur-details/d3757db9ae4488fee536a3d537ad164ba633d36720fa3471c818567cfd41f84488144f4de05f1c07823f1b44d08aaf71e00ad2c196caf00545323319b364cb7dKvKjrXFD2jlvFGJyMQz_14Q7F5mHtPuMxvoweAlYWxyCGdbxTV7npm574Sp6RM1z
77,INDICE HARMONISÉ DES PRIX À LA CONSOMMATION PAR POSTE DE CONSOMMATION (NATIONAL),VÊTEMENTS DE DESSUS FEMMES,https://www.anstat.ci/indicateur-details/e59cc7547f6a2998d20093600148c286767ad81e2d963ad8892d2fb2894e6d79a219a9d10fde660d43c3d6fc8ccbe473e3ee566d02aa4f502073845cf0af462cD3vKMJFOBV5e9JfzvNe0hRn6nCpVjAFLW1XPJLVckhr2j9OnaBmXtG9yb96jaEPP
78,INDICE HARMONISÉ DES PRIX À LA CONSOMMATION PAR POSTE DE CONSOMMATION (NATIONAL),SOUS-VÊTEMENTS FEMMES,https://www.anstat.ci/indicateur-details/90073ffa68aeb23855977f7c57f9002714123576d3301c3f49083b66943f000327bb8d0869115166bd2d6cfc6208bf54ac1b6c86f26f3b1da2c5575b7811898d1G0vaNFCcHcuj2z9OWbeOE7u3JQ6FcuuZIDfwyyn79k089cPLfsuSiin_DpCdJHY
79,INDICE HARMONISÉ DES PRIX À LA CONSOMMATION PAR POSTE DE CONSOMMATION (NATIONAL),VÊTEMENTS ENFANTS (3 À 13 ANS) ET NOURRISSONS (0 À 2 ANS),https://www.anstat.ci/indicateur-details/8c8a69307bcb490fc5bf56ec9f66dee22a41cde1819b29afcd1a8407cfd1c8fad2c1d5706f78baf4d4e5ddcbb7f9bda6709a57cce1b59e52212417e70326dede80akodbNo3oDJWSZGwV11zxShyT2rJCsYAr56dIU3lLQ3ro-pn2kO7gKp2ir1Woi
80,INDICE HARMONISÉ DES PRIX À LA CONSOMMATION PAR POSTE DE CONSOMMATION (NATIONAL),TENUES SCOLAIRES,https://www.anstat.ci/indicateur-details/dd3254668065425bb4203e5954ad41335be4d216c05d77b1865a530c56bb7646ff496e19b2eb60e64e023c96681de6db5d5de050f3290875ef8b9a16d999c809b9spEn05Q6dJDauraTDcfeLX7FC4A8gWzWQDHp1x0TvmAKD7GqRi4wtPCBIiKTmw
81,INDICE HARMONISÉ DES PRIX À LA CONSOMMATION PAR POSTE DE CONSOMMATION (NATIONAL),AUTRES ARTICLES VESTIMENTAIRES ET ACCESSOIRES D'HABILLEMENT,https://www.anstat.ci/indicateur-details/6687cbd805dc8c9956101a161b3d5f1d504f1a45a26842c41cd8abf5b17c2b44c94cbf1709e99f3d15c6da992d39fab60830852a9772a3bff64ef86bdbd39c4baFBhgNBT-U2dUMyFmzFvCteoUi7Yncj6Hx6Rw65UP-FQ6tXVY3_MJxEHs1eAX5Jj
82,INDICE HARMONISÉ DES PRIX À LA CONSOMMATION PAR POSTE DE CONSOMMATION (NATIONAL),CONFECTION ET RÉPARATIONS VÊTEMENTS HOMMES,https://www.anstat.ci/indicateur-details/3de6017733b7c588c8e80930886d89df60369071d14ab41c46ff58354ac7175652e1785024cf2a2c2bc20bee00a79afb8ada6a93580b5b8db307ea8c52e67d4dyex2cLsep8Vt-iiOpdQcoTrWp9oKrYiD-oV-FfFKGQzD3zXfCOBzo8n_O6Hf5yji
83,INDICE HARMONISÉ DES PRIX À LA CONSOMMATION PAR POSTE DE CONSOMMATION (NATIONAL),CONFECTION ET RÉPARATIONS VÊTEMENTS FEMMES,https://www.anstat.ci/indicateur-details/ab0e3861d966e7ef7d1b043e901236a1789d7735d1a0a863fba2d968b52763589d9f1a72f769ce9170dc0b0bc9c6b028f11898a2dba4a61e99f63a5ddd94bbb2TRwZ45Wi0VkeRzmLfcskO-R97gOFSZtb79Ktwjrzl8Ok6z7usoXzeK9NFB9SbcQe
84,INDICE HARMONISÉ DES PRIX À LA CONSOMMATION PAR POSTE DE CONSOMMATION (NATIONAL),CONFECTION ET RÉPARATIONS VÊTEMENTS ENFANTS,https://www.anstat.ci/indicateur-details/38d6c8029518601fccd89077381ad2e99f5cc74e6044d309dd2ed47a78b115faa12b86b27bb362a805f8f9fca7e88fabacbc5ea4ebe2717cf3ef96b9c2e2e4ec_Xmr0GjvmL9fIahSHA8olpcEnULPhcAHHFtzFe6zH-ugG_zzJ10X7qobvdLR4CSg
85,INDICE HARMONISÉ DES PRIX À LA CONSOMMATION PAR POSTE DE CONSOMMATION (NATIONAL),NETTOYAGE ET BLANCHISSAGE DES VETEMENTS,https://www.anstat.ci/indicateur-details/258eae3fb0ab220db4e97d90fe26f0cdb538d8c111c2975d624f56e824ffc86c7d4df3a7fcb7d041c19cf2dc81c2c6740b0262c6f2ea4d69e074712e2bc01657XIVBJlRehGc8-ICuTmcmgH3fGvxNjxHXtdd3WpK0tbcqfm4UbudjoYi1IpfrOWw8
86,INDICE HARMONISÉ DES PRIX À LA CONSOMMATION PAR POSTE DE CONSOMMATION (NATIONAL),RÉPARATION ET LOCATION D'ARTICLES CHAUSSANTS,https://www.anstat.ci/indicateur-details/8f944922712f5ecb611ea89ed299408c03e6e4dc1b5b17dbad5dd5fdffcfdec8d92d7a1de3954e1da5020af33424f46272fb735ca0376febce6dd31380654816tdfFtQsn7p_XC3K2EPntyR-gbV0f-XQQd-jA6i-NHoG8RaiehALvV0ZrHkyCaXrH
87,INDICE HARMONISÉ DES PRIX À LA CONSOMMATION PAR POSTE DE CONSOMMATION (NATIONAL),LOYERS EFFECTIFS DES LOCATAIRES ET SOUS-LOCATAIRES,https://www.anstat.ci/indicateur-details/23fdfc7d4d53844a2b86998f49e814f6ebbf9412185a0e918ad6a4ddb4f2d2f09f61cfef31ae66f9c96127e2dc86bfbabd87d9fc2b152be49039f907c4ca764aYas6-D_yCM9tFTSEb1pxvlDd2BLRRlEP4Yt7h4O9rmkWCAO00S0EIxJB--RPPeYO
88,INDICE HARMONISÉ DES PRIX À LA CONSOMMATION PAR POSTE DE CONSOMMATION (NATIONAL),PRODUITS POUR L'ENTRETIEN ET RÉPARATION COURANTE,https://www.anstat.ci/indicateur-details/67e0baae905033fa950d5831f5955d91c85c7444ba608f45f0b183c57103f5c7df3243c1ecda3848231e639ee6c5a005f80027971e8544ff115e73d556d4b47exulLp2AxDqgyEJJ5Mc3qxBgSGfLT3yJAXxrhscp7_aagcglNcEmS9TH7UpTb1O8W
89,INDICE HARMONISÉ DES PRIX À LA CONSOMMATION PAR POSTE DE CONSOMMATION (NATIONAL),SERVICES D'ENTRETIEN ET DE RÉPARATIONS COURANTES,https://www.anstat.ci/indicateur-details/0a89a6ebadab228b0dab8b2c86bc402f8509a0476d268ad78effea8eb570230d9d791bee8435b5f530a718e641d571b3064bed3def269c13041f580679e479b2x2l6STKZx361RotvDvVngoVXOU56v3y3B1Mp9EJxzkmIKwDxD2gLg_6AwyOv3slT
90,INDICE HARMONISÉ DES PRIX À LA CONSOMMATION PAR POSTE DE CONSOMMATION (NATIONAL),COMBUSTIBLES LIQUIDES,https://www.anstat.ci/indicateur-details/d3f1c0305984983e6a1b44e303ba11a830bb978274c30b158659a6642bb719ce7a386baf49e523870c64c649e8d5d4d152eef5627eaa1685d2d6b0c12aaf1db56_1ZQhG2Mvd_sc4SXIqvzD3M1I5sFFxePgI54eGDvSFKp90nu2Ccpf4Vtle_SuBg
91,INDICE HARMONISÉ DES PRIX À LA CONSOMMATION PAR POSTE DE CONSOMMATION (NATIONAL),COMBUSTIBLES SOLIDES ET AUTRES,https://www.anstat.ci/indicateur-details/76a717ea5c3d75a242978d6f37f3ee5449318e2ff69092e06f46b46f21ab1ad11a70ad76482e20bd139785335e034738abb61c238bafb889e0d16a3a7ed143dcCkVX3hHyYtN-9GpdCQkjn1OOavGGFHTV84_meTXLuIiCWZZonP09dqRorLrixZR0
92,INDICE HARMONISÉ DES PRIX À LA CONSOMMATION PAR POSTE DE CONSOMMATION (NATIONAL),"OUTILLAGE, MATERIEL ET ACCESSOIRES DIVERS",https://www.anstat.ci/indicateur-details/cfe33bdbaac40be7584ba7c534d37ddb646857df75228b91a2e13d46deed1093b90ac4597313741f9d5016e9cd9ca1ae6aa80fcec9606e6189a6e854a3a099e2fftsnkXOv2XA1M2zL6PP7-5-9SdpDK-g8RfJmRc9SxblfAsFXanbN8X7V3Ji48Yv
93,INDICE HARMONISÉ DES PRIX À LA CONSOMMATION PAR POSTE DE CONSOMMATION (NATIONAL),SERVICES DOMESTIQUES,https://www.anstat.ci/indicateur-details/1b7e0191e4796589003e5ff6908bea910db9fa91e0bd58d472398bdfac5299ac671caaaf99e88056363bafa8b593ca854fa630e76137f6cd6cc03f28cc77c015DLe4mq4hjtwcV_YC7IJwwpJHyi5w5dcfOQ2W_VFj8bDBZSeqQt2mmINrqrOqkCsh
94,INDICE HARMONISÉ DES PRIX À LA CONSOMMATION PAR POSTE DE CONSOMMATION (NATIONAL),SERVICES POUR L'HABITATION SAUF SERVICES DOMESTIQUES,https://www.anstat.ci/indicateur-details/cafcef47df54942752cc9e58107ce5932f5897ef93ff2ec8cc2ffd49b644552068d7fd52e43cef12aa517560df3677feb0fff090924f8207ce32b46e29dce1f1axP9x-cWB0i1b_c_5YFSXIfnY_y9XjhgG8NCRnIUvl_qKqGl3OHpi103cR_eulvN
95,INDICE HARMONISÉ DES PRIX À LA CONSOMMATION PAR POSTE DE CONSOMMATION (NATIONAL),MÉDICAMENTS MODERNES,https://www.anstat.ci/indicateur-details/e655b9618c6ecc7af405bf913c4d0ea9485653f4385a5c59a75c5bf43213bba097cbbc79cc6e7f114b3cf8e5becc2ee379e4957fa0702ce7b21f9d9339a5bff3qoKiDRAmhZWbkcLurBwRwjd-LkB_XNdaBBarWASKowMmZQjW9uOkWaIob_x4Vo9O
96,INDICE HARMONISÉ DES PRIX À LA CONSOMMATION PAR POSTE DE CONSOMMATION (NATIONAL),MÉDICAMENTS TRADITIONNELS,https://www.anstat.ci/indicateur-details/2b20ef0c85a8c65b459019fa11eaa150d1d1a720c2508cd0cb4b19df9afb79deee4c02e6fedd0481664bb09d529a8bc9e86bb6dff6a3471a2dffc92eeb119de0eB8ymfq-uu1bdTtL55Ssa29Vio2_nLvEPkM2vMN2_99mqSFDPsBNY7vd6qORwyJ5
97,INDICE HARMONISÉ DES PRIX À LA CONSOMMATION PAR POSTE DE CONSOMMATION (NATIONAL),PRODUITS MEDICAUX DIVERS,https://www.anstat.ci/indicateur-details/697a921e4dcb008814a87510cbd1c506c172981bdbf35065ff2d0474c3ed5b7954410865f6fd1a9359a07c547179533159c7e7e177ca2e94f05149e1d8e84d36ZOWD4XRXkan8snuzw3pcfVgEjOfdrbzcyl9rF2221Lo2hj95A506yQCxXlpASqxW
98,INDICE HARMONISÉ DES PRIX À LA CONSOMMATION PAR POSTE DE CONSOMMATION (NATIONAL),APPAREILS ET MATÉRIEL THÉRAPEUTIQUES,https://www.anstat.ci/indicateur-details/15c2f186c06a97464711362f30585ea957eee4c0ddb3aa2a60bfbd109b6f07584f6e064c0076c6b9103714c65962d86babc8d174c958d87b836f5659514cfe3aa8mfzbtXLIT0pYi02oqmFI_9A6ev7zcKKr3IIkJhC-WsDlS0n1VhR571iUFO-f80
99,INDICE HARMONISÉ DES PRIX À LA CONSOMMATION PAR POSTE DE CONSOMMATION (NATIONAL),SERVICES MÉDICAUX ET DENTAIRES,https://www.anstat.ci/indicateur-details/fa20a1e4a872e5bf1e92d5fef77e8b2e58fec8cbe19271110f556e98d368f10501e9280ef59046aa2a5ae2852775e06141ad81eb541b54971bd89deca400227fu1832wvJldEawpsPLaLhmnKy4uL5IIuWyAq39hU-6jC6hdLuDwWXTq3WsTVRlnXb
100,INDICE HARMONISÉ DES PRIX À LA CONSOMMATION PAR POSTE DE CONSOMMATION (NATIONAL),SERVICES DE LABORATOIRES ET DE RADIOLOGIE,https://www.anstat.ci/indicateur-details/5ddfdd5d940d308be33837b0fd9e156b27b2342f054dd0fb09c99fed50341879122fc32fc3a1b3af4b0793cab14c3f24304fe94f6c93d55bd85d23defe2fdf87vOpWuvy0IhwtpSdiM6aGjh2dsJat_jgNRdmpMFeGZKRSoNqdAEwww353hX2Po6UQ
101,INDICE HARMONISÉ DES PRIX À LA CONSOMMATION PAR POSTE DE CONSOMMATION (NATIONAL),SERVICES DES AUXILIAIRES MÉDICAUX,https://www.anstat.ci/indicateur-details/7534cce3abc97d8a9409b35704b72c16093c250e797d499519da95201629f5260805876cc1d6d577f0b3437b458bc123fb42840bdf48eb24c20275a6cfe9d3c0hIyyuL2_EcQHS3gwcATqG0_nz-4hif57OyjFevy1n_rsAym4K_34sE5N7bK4XzAD
102,INDICE HARMONISÉ DES PRIX À LA CONSOMMATION PAR POSTE DE CONSOMMATION (NATIONAL),SERVICES HOSPITALIERS,https://www.anstat.ci/indicateur-details/5cf3c75fe040d55c7f8ef03544bfb8d99cb1aed5f68150bc5fd5783b05fd69e0c7cf271b9e7bc76225a7ea102d6f16d04b7cb0757370599f9dc9be16de7931e3RwUxUTfvs2HSEG1XxdWSrbwlUfJIhTOJ_gRTr9mfVuDIU56uRI6KnTknDwlGykZB
103,INDICE HARMONISÉ DES PRIX À LA CONSOMMATION PAR POSTE DE CONSOMMATION (NATIONAL),"CYCLE, MOTOCYCLE ET VÉHICULE À TRACTION ANIMALE",https://www.anstat.ci/indicateur-details/22ed657fcd61024b9b2745a726c4dcf26078e56d94263abce69abaffe5afaee990921f9b4ae2787beb73af83fe3280ed9ba499e619b25e0b9c486960df154996IBvlfkb3w-jfWKwOCrQNpKGNoxxYhXNVn1fZij2g1mhkvnjfYt9Ba6kzGZeEsMY1
104,INDICE HARMONISÉ DES PRIX À LA CONSOMMATION PAR POSTE DE CONSOMMATION (NATIONAL),PIÈCES DÉTACHÉES ET ACCESSOIRES,https://www.anstat.ci/indicateur-details/3b215ce9b2e3ad38e0099df96be342cc28925fdf9190af0649ff7cd6ed1afdd61fbe681b29ed9558b83e67b5c6fce9914e144d9136c7cbc7e8ef1203b086eb59EY_fQFB9nWy72xytPXmF2Q1_AlbzIQn6lkCx8K0JYboKTexCs0ILsUamy-67p2iP
105,INDICE HARMONISÉ DES PRIX À LA CONSOMMATION PAR POSTE DE CONSOMMATION (NATIONAL),CARBURANTS ET LUBRIFIANTS,https://www.anstat.ci/indicateur-details/a5d130ea917f16b01e47c0a82bb7e8501f193a1e2ea86b77982e392bfa8da66ba7d904997cf1225073bdd4548a69ee6b21c9b25016ecdafd8a2eb8000ff18649GITCGG0_Ego9cF5kYcviF1BVXJLaJpbBHWtopyq5SNaZmJIv3JD75fX2Eefup5sj
106,INDICE HARMONISÉ DES PRIX À LA CONSOMMATION PAR POSTE DE CONSOMMATION (NATIONAL),ENTRETIEN ET RÉPARATIONS DE VÉHICULES PARTICULIERS,https://www.anstat.ci/indicateur-details/554aadee57fdd271f259c5ec74589282b5e6e21c1e5cccf0d86f93f6e0fe68119e330389755026b13e0bde6405bfee5085d4f877eaa02201faf781cd673055a6KjOrh8eDTWDAr7FB4zoFU3idRBid0SpFgl7C_TzWe3huQGfffWFaWUOobqzNnwbk
107,INDICE HARMONISÉ DES PRIX À LA CONSOMMATION PAR POSTE DE CONSOMMATION (NATIONAL),AUTRES SERVICES RELATIFS AUX VÉHICULES PERSONNELS,https://www.anstat.ci/indicateur-details/af15971a3f373235f0b77591a1cbdc6fa2a433e534569a5c1e9591e102a6186aa6d147268428b25c28f162393ca04acc54177a68273b52a4b16447c581cfc086-dzNy8kK5vovZcdjO2le6aCdIC2tTORqeM8_yuSiqEBCAOuinp9V0DeoGJDo5ANt
108,INDICE HARMONISÉ DES PRIX À LA CONSOMMATION PAR POSTE DE CONSOMMATION (NATIONAL),TRANSPORT ROUTIER DE PASSAGERS,https://www.anstat.ci/indicateur-details/2a2fd5b5ab5b0c63335b741160d28bd4cd4cba5f8226294b831c1b1d80afd9f4a0abb848c1247f126ca330c8cc6f37dd4fb58f069e1934ae9c4576ea719f2d59Qb4sbZE1fdP4qthfPLcF3c3X7twhwvGWOfRYoR_k27bjAowVFGqveMexFJPpR2VL
109,INDICE HARMONISÉ DES PRIX À LA CONSOMMATION PAR POSTE DE CONSOMMATION (NATIONAL),SERVICES POSTAUX,https://www.anstat.ci/indicateur-details/a04ed7db65d990808a9e705e4519093879609e37c6699c1ec870f305cb3ec25581a92ea51c5f87d1f741fdea84f0b714b20cbc4334f0933e514eeede79dab3e4-AB-sVl_NdNaz2n3gkVF3g4MvJGoRvwL_qIvaCuZV1Yr1BVPQpjIWpLi2QKv-RsS
110,INDICE HARMONISÉ DES PRIX À LA CONSOMMATION PAR POSTE DE CONSOMMATION (NATIONAL),COMMUNICATION TÉLÉPHONIQUE,https://www.anstat.ci/indicateur-details/de00445a51a86850d53b1febe57c0b9be5f001ba89b6eb9f64b2a496ecf6cca7eb6df772e29e5222a80fa220e3c7a8ed47252879a4a7cb6297824ef87cb0fb54eNSWLmolo-Ersx1WrWKrQxNyA3LHLqZhSpb_d9MxaDMvOIoHnWC4DlY6VJmRzeVY
111,INDICE HARMONISÉ DES PRIX À LA CONSOMMATION PAR POSTE DE CONSOMMATION (NATIONAL),FRAIS DE CONNEXION INTERNET ET ASSIMILÉS,https://www.anstat.ci/indicateur-details/e173e08bbb7d8ab65f6fabd087ae312cddc051b857f04eec3a2e824b44e52d407836f18939c4fcb569cd124907e7b714870411845518d09bde4ec189095b41cedmX3ibJTB_ojIkTB1TPKiBn1TWtjJqYXZ-u1OiRcberQ_sQhnpySOvou2_edsPDJ
112,INDICE HARMONISÉ DES PRIX À LA CONSOMMATION PAR POSTE DE CONSOMMATION (NATIONAL),"APPAREILS DE RÉCEPTION, ENREGISTREMENT ET REPRODUCTION",https://www.anstat.ci/indicateur-details/7bbdff6604e7cca70d73549876874f94af86aa5c167f875934c20da2f379d157e2494a63fca7b3adecacede45104bb06c0d4cb8810e8b14e64c9583c712a8260PnNJ19jP7ud0uiY3VoURcOA-a-gfFge17v9zneg0Cm3WlKgf_WsADlE8oV0W1h-z
113,INDICE HARMONISÉ DES PRIX À LA CONSOMMATION PAR POSTE DE CONSOMMATION (NATIONAL),"PRODUITS POUR JARDINS, PLANTES ET FLEURS, ANIMAUX DE COMPAGNIE ET ARTICLES CONNEXES ET AUTRES SERVICES POUR ANIMAUX DE COMPAGNIE",https://www.anstat.ci/indicateur-details/e3671dfdad3cb2496e566e274143894cb018dfc35bcea7deb0a4f503bf180ced6b16d07f45a61490c36879dd7a63d78f6bee753893dd3958f39d66e2622671c06ssAqHvzNllDn_-0JReBITcqI0JpMYJgf2ZXcZlPLbbGXyu8qubRtwm36UoLPDCD
114,INDICE HARMONISÉ DES PRIX À LA CONSOMMATION PAR POSTE DE CONSOMMATION (NATIONAL),LIVRES SCOLAIRES ET AUTRES LIVRES,https://www.anstat.ci/indicateur-details/cc6349e0d2d50ad41f9cf3c40c78b70ee397c39e28e93bf4a0679c90cdd00dac7e06cb7e8737a876f11d410ebc3e06aad385dcbe9ae0f85a30e6a9eb08846bbc_T8vsz9BL3zD7M-RmtZTYu5EETydnNanlxycC1txPk-pcW7DjD9YX5k4I5t4IFEB
115,INDICE HARMONISÉ DES PRIX À LA CONSOMMATION PAR POSTE DE CONSOMMATION (NATIONAL),JOURNAUX ET PUBLICATIONS PÉRIODIQUES,https://www.anstat.ci/indicateur-details/f6f3b88602c1132a9f417ab055317c14b26ef272fab55e1cdd6959a22a0c03e76040028bc1ec5b2d5f0985a77fc95715486327577123c5af0b701576c25546b3tYMaC5kbOBmXw6MVpiJ27jEe6BNnhvl-58ywChCg7yILEFsy4CNxTfaXT1f-k9nH
116,INDICE HARMONISÉ DES PRIX À LA CONSOMMATION PAR POSTE DE CONSOMMATION (NATIONAL),PAPETERIE ET IMPRIMES DIVERS,https://www.anstat.ci/indicateur-details/d7cc8c68fc0b95c092d3d2f852d1cf53b4ac86fdc52469fe19eafd9eabe36c469dc2ed6060863a94a7f3ec39bc11124717d785d8187bae6ab4fd4809f9cf5abcC3OP_IY52WtkcUEIODy5t2LJOJc_b7Y90HqPjDm8PbPRkXSaE9dW3SPZ5k_tGS8w
117,INDICE HARMONISÉ DES PRIX À LA CONSOMMATION PAR POSTE DE CONSOMMATION (NATIONAL),FORFAIT ET CIRCUITS TOURISTIQUES COMPOSITES,https://www.anstat.ci/indicateur-details/59bf4c52cd3c591dc81482bdbec10924a1c6deb00986b8a373a2d10d2535766b9a3b8eca63850bcc4ca1b0902af84f9f0a6708a8cfa25d2d15f3cf2ea54c63afqVC6piT8dDQYUE3MVruK9EscFUyCL_181JGLpWWJTVm5hQtt2k0qQJGbkZJqFpyn
118,INDICE HARMONISÉ DES PRIX À LA CONSOMMATION PAR POSTE DE CONSOMMATION (NATIONAL),ENSEIGNEMENT PRÉ-ÉLÉMENTAIRE ET PRIMAIRE,https://www.anstat.ci/indicateur-details/ffbd042032d44c7bda9bae9d124014633170d5f452387c054b2f6deeeca435cb157cf786c81801573716a50667be82d9a42d00900a09a21c269b1d1fce7d6085OoRb6lI7CPiIH8lD_kQ9-hjwUGencHHqngHwWChLyNC6Xq9IUc86MLE32i9h3ztz
119,INDICE HARMONISÉ DES PRIX À LA CONSOMMATION PAR POSTE DE CONSOMMATION (NATIONAL),ENSEIGNEMENT SECONDAIRE,https://www.anstat.ci/indicateur-details/8eef836422167da2d8274a204f4c8a96a6b08e8789d9ab9eef5f9665583e83d473ffe12fd89524308017b4fa39b4738e578142f4fa145f7238f860a18648f4f7AR8a2g5DYRJ03CgCG101JLla_ntX2b7ViEaLAONsNuI5MvpxxQDSGDTFCtLvIA8x
120,INDICE HARMONISÉ DES PRIX À LA CONSOMMATION PAR POSTE DE CONSOMMATION (NATIONAL),ENSEIGNEMENT SUPÉRIEUR,https://www.anstat.ci/indicateur-details/bbdf2109cff791eceaa04cf932749428ac93ca8db429a14c39d37ceb3fde102a5f3be6bc2d4ed65e77d45d50ecd94490f17adeb24f6299a51537578d50ad7fc5lMdBA6p9fPWnycWsu6OztbD5QAlpD8EqfuAf57mRdzrUoVh86t7vMz51b0DX6UgY
121,INDICE HARMONISÉ DES PRIX À LA CONSOMMATION PAR POSTE DE CONSOMMATION (NATIONAL),ENSEIGNEMENT NON DÉFINI PAR NIVEAU,https://www.anstat.ci/indicateur-details/32b2e2ebfa3c58acc3fb6877e3d0a81e9bc8d8904ce09d2bb1b7947e8c70f26fb8a977f192618832b0a0e408a0ef3ecbce53a62c4baa3d15720f0029cecf38f7mUh4wH6ZXmhlzJ91uLBTAWQJdQuS-QmC9FVOS6xSAJvkwrJE4ZI7erb_4AJTw4pu
122,INDICE HARMONISÉ DES PRIX À LA CONSOMMATION PAR POSTE DE CONSOMMATION (NATIONAL),ENSEIGNEMENT POST-SECONDAIRE NON SUPÉRIEUR,https://www.anstat.ci/indicateur-details/1582e3ddc599c5533e72ba557ac5f005635ca364c5ec497c02ea977807187e3fc155e3460bfaf0dc3e3ed44e703b1f58a72a73223b20cb4f1538f400df5281baZYMtcDPTnDxjAWehDxQu3oe408jFt7-gqVsKB3y1uP578a_ovjsM74GgIlLlWeMl
123,INDICE HARMONISÉ DES PRIX À LA CONSOMMATION PAR POSTE DE CONSOMMATION (NATIONAL),"RESTAURANTS, CAFÉS ET ÉTABLISSEMENTS SIMILAIRES",https://www.anstat.ci/indicateur-details/bc47a2b31f834b023bd688cabf65d16e31238323fbe672086f58c62cd1e27666c547d639e592c62f630de48c66d6ac3c7d779110fb930530b5d8646d2bc08b50k6TxZfoEqOTmXTFGyUm6OOk8HgZI1k11eMXbXFPPPww5gq0IwVz2D2A7DYCD8UJr
124,INDICE HARMONISÉ DES PRIX À LA CONSOMMATION PAR POSTE DE CONSOMMATION (NATIONAL),CANTINES,https://www.anstat.ci/indicateur-details/bdb326013c685134eeac61589671467a547e39def544bc73cf4b5dc722516fd7b5c82e429e832cae117832fd986472d1e01800c87b5343bfe4d7d14ce6f45a9fmOLNqhp74a3hOWWQcYetW12k_I39lYUsrQ-K_m4hieYqT8mvWISfHB9-vETQNUWU
125,INDICE HARMONISÉ DES PRIX À LA CONSOMMATION PAR POSTE DE CONSOMMATION (NATIONAL),HÔTELS ET AUTRES SERVICES D'HÉBERGEMENT,https://www.anstat.ci/indicateur-details/0b4071b8d59a6988891e73ab58a67facf1b9ea92f8bd1f5cf1166e6c50a12b31ab70ae6e1ab3fa646483d93a6a155b9a0b7dc22c5f3748b08402a61d38bcd3d3YpP0xltcI6iG1erPlmEYQ6Crt0aBSBvlM3_bcy9o7XbaUx-1kmFr8zZdC-NQApV2
126,INDICE HARMONISÉ DES PRIX À LA CONSOMMATION PAR POSTE DE CONSOMMATION (NATIONAL),SALONS DE COIFFURE ET INSTITUTS DE SOINS ET DE BEAUTÉ,https://www.anstat.ci/indicateur-details/e3eceb15c858805a311b3d3518f246d54583cd5a2097c261334748f8acdd74b34ea8cc7378e3d6e9fa463f0f061a03c1609fd7aedf00c73e8a3d3edeb872a785d0jZx1rvYNGjsyBhNSTJZAnD8_NwVzXpgybhZ6HXfSFAMSE3ztGnOKjsPHCdS9LE
127,INDICE HARMONISÉ DES PRIX À LA CONSOMMATION PAR POSTE DE CONSOMMATION (NATIONAL),APPAREILS ET ARTICLES POUR SOINS CORPORELS,https://www.anstat.ci/indicateur-details/7a2ce72734ce95a8062a763f183a95f1184b1e2cca8cac9e5ba75f98d949f4aa70273edd0a50efe3b376a7e7a91d2f7600a732d3ae3294b339a1575f864c4b94GzyWoKghwsXhIlFMtKw8iLDyJEmy4REvvvbIsEH7QPUZnPAEqNApBTVHRzBbtOLR
128,INDICE HARMONISÉ DES PRIX À LA CONSOMMATION PAR POSTE DE CONSOMMATION (NATIONAL),PRODUITS POUR SOINS CORPORELS,https://www.anstat.ci/indicateur-details/4782ea88f1f03007c7d305772b9f0a74c241abe3aee5857bb7aa37a81c007fccf2a4121b5b20c9c88377141db3de17c193bd1e1057a2f5101879d079325cf7a9o3tHY-QhLQxCJs4SZBPsqQtcfbh1shM3Ho7sn8PeevHL_UBtYtVTqrFJN7xUuu1H
129,INDICE HARMONISÉ DES PRIX À LA CONSOMMATION PAR POSTE DE CONSOMMATION (NATIONAL),ARTICLES DE BIJOUTERIE ET D'HORLOGERIE,https://www.anstat.ci/indicateur-details/ae66d91853254c77848a5a689256d6be6292b4e401841176ce6feca86cb14a22cb91e3a5661364326634febbcacf569088cbc21a8ea58c812639e3ed1798af53svDdf400X5_qImeESZRdD2CTOlvHA7lNDw16ij2DNWs2Sym51idswHbspWOjNxvN
130,INDICE HARMONISÉ DES PRIX À LA CONSOMMATION PAR POSTE DE CONSOMMATION (NATIONAL),AUTRES EFFETS PERSONNELS,https://www.anstat.ci/indicateur-details/cc7740367d8f4d5e1abeaafbf1d6191d101aaac22d1e9dab13b8c32e586318c877b8048c65c01338ba194c43aa3724cfbdec137ff6934b8cd0c0105d50e29272UEgW0SMgLOqQVgYd4K-F4JEWIQH1c2VpuHGunGTOVK5_6aLYQLVVd5xevxP_F1IV
131,INDICE HARMONISÉ DES PRIX À LA CONSOMMATION PAR POSTE DE CONSOMMATION (NATIONAL),AUTRES SERVICES N.C.A.,https://www.anstat.ci/indicateur-details/72ccfa85e30471813c657596c2d565a8c78212fb5b0b5cacc0fef50f2450c43ef8dbbdaa430d89c0400f0e0d4ca173d93942a696de5039e107c4299c5606fa3bPREZQtcI2tell-jPhBNKFHR9WLQNPD8KXlj7yYIqpnB16Nk6W2qjlJbnRlQSu-IB
132,INDICE HARMONISÉ DES PRIX À LA CONSOMMATION PAR FONCTION DE CONSOMMATION (NATIONAL),SANTÉ,https://www.anstat.ci/indicateur-details/3e7c604bc1796b8f65d33951a74c3da5611103a068efe1cd5768203993a2de0851f69252efd7193b7a2afb77ab52ea3d1c115632a846a91e7f90dea15ca78f84pIeHwI6xMFyna1zR4N3Jm59P6AhQ5dWi2Tr6ajLRavRgNpDsOeWQamVhN_qAELhR
133,INDICE HARMONISÉ DES PRIX À LA CONSOMMATION PAR FONCTION DE CONSOMMATION (NATIONAL),TRANSPORTS,https://www.anstat.ci/indicateur-details/a29a1c8709ee30e70017df337bd883c10e9cdb4655920b3eea52a61d586feb10e2cb1e844bfa6482f4b3da78438ad57c5704a4a65662ade36c28a6f22b254142aqxdKjbbq_l71vDE6pzbTzvP8gURaKBsm8l5VyErtEuXKLczz4HiYBSwm6_5irCr
134,INDICE HARMONISÉ DES PRIX À LA CONSOMMATION PAR POSTE DE CONSOMMATION (NATIONAL),AUTOMOBILE,https://www.anstat.ci/indicateur-details/8798c18b8cd7debd2167037f0894c8ce805dbe35354a1b12fceda1d34179134c2121cd19c30f018ad1daa60fcfb1fc3e7c1ce1f478c10380589ad1fe94ab93155LqJ1Vs2VPiWuOFDwYsukdihkzxI_4vbp5BseFJLygVZZnyOZZM7eOm0ko6fQtbX
135,INDICE HARMONISÉ DES PRIX À LA CONSOMMATION PAR POSTE DE CONSOMMATION (NATIONAL),TRANSPORT AÉRIEN DE PASSAGERS,https://www.anstat.ci/indicateur-details/b04c7a234101465447eccc3bdfe39ae2340909ce036e4b278e3fe569f50d10f6f628f8100de895776f47861af8c84ee131396fa75c11c223c513576160320a83PDiGSLB63H4WGqJImaoLm8XHwVNJsKMlBVMW15IoiEywsiDC6kT6FQ3_Il4T0YIM
136,INDICE HARMONISÉ DES PRIX À LA CONSOMMATION PAR POSTE DE CONSOMMATION (NATIONAL),ASSURANCE TRANSPORT,https://www.anstat.ci/indicateur-details/2eaff321e4fe6da97108beea745d7dd0238c78f658ff1fd59fa2fbedc070174d32fcb2860484528107a6413bf5f0b8bddd0bcfcac181c50e3fcb9cfe659b443fTng8k6u0D7Ce8A4ajcKOthk5BQVkrLKCgAVL6mD4k7i9JbQGheBkXXIqQun80b5X
